area,location,bhk,property_type,nearby_school_distance,nearby_hospital_distance,bathrooms,price,price_per_sqft
1360,Suburbs,3,apartment,9.2,8.2,3.0,6581538.92,4839.366852941176
4272,Business District,2,apartment,,9.7,3.0,46450736.84,10873.299822097379
3592,Downtown,3,independent house,3.3,9.3,2.0,55876798.15,15555.901489420936
966,Downtown,4,apartment,4.8,17.4,4.0,13480631.87,13955.105455486542
4926,Suburbs,4,apartment,9.5,10.8,4.0,21505960.66,4365.806061713358
3944,Outskirts,2,apartment,9.2,9.6,3.0,10932260.98,2771.871445233266
3671,Downtown,4,apartment,7.8,8.5,5.0,44501569.15,12122.46503677472
3419,Downtown,1,apartment,5.6,16.4,1.0,41227264.33,12058.281465340742
630,Business District,1,apartment,13.7,18.0,1.0,6727684.75,10678.864682539683
2185,Industrial Area,3,apartment,5.4,17.1,4.0,7535710.62,3448.8378123569796
1269,Suburbs,2,apartment,7.1,13.6,3.0,6343145.04,4998.538250591017
2891,Suburbs,2,villa,10.3,3.2,1.0,24122346.3,8343.9454514009
2933,Outskirts,3,apartment,8.4,5.9,3.0,7721345.84,2632.5761472894646
1684,Outskirts,2,villa,5.5,1.4,1.0,6340820.42,3765.332790973872
3885,Suburbs,2,apartment,6.8,18.7,1.0,20407432.43,5252.878360360361
4617,Outskirts,2,apartment,12.0,13.4,3.0,9862362.59,2136.0975936755467
3404,Business District,3,villa,,15.1,3.0,56860030.9,16703.886868390127
974,Suburbs,3,apartment,2.6,6.6,2.0,6085966.43,6248.425492813141
1582,Outskirts,2,independent house,5.0,17.0,3.0,4662852.99,2947.441839443742
3058,Suburbs,2,villa,12.8,5.6,3.0,22843595.59,7470.1097416612165
2547,Industrial Area,2,apartment,,0.5,2.0,8317625.23,3265.6557636435023
3247,Downtown,1,independent house,14.9,7.8,1.0,41034153.67,12637.558875885434
1475,Suburbs,3,villa,8.3,11.6,2.0,12216848.14,8282.608908474576
2306,Downtown,2,apartment,14.8,9.8,,24650457.96,10689.704232437121
689,Outskirts,2,apartment,14.1,17.3,3.0,1626701.92,2360.9606966618285
3234,Downtown,3,apartment,7.1,2.6,3.0,47948718.32,14826.443512677799
3505,Suburbs,3,independent house,3.4,11.3,3.0,24406871.57,6963.444099857346
2399,Industrial Area,3,villa,2.9,10.5,2.0,12610131.65,5256.411692371822
1767,Outskirts,2,independent house,4.0,6.0,3.0,5836774.92,3303.2116129032256
2028,Suburbs,2,villa,10.8,16.5,1.0,15344897.25,7566.517381656805
3702,Outskirts,2,apartment,4.5,15.2,2.0,10809965.17,2920.0338114532683
4056,Business District,2,apartment,5.5,14.8,3.0,42394618.12,10452.322021696253
4390,Downtown,3,villa,7.0,17.6,2.0,83446042.52,19008.21014123007
1146,Business District,4,apartment,13.7,14.6,,9399329.62,8201.858307155322
3388,Suburbs,3,independent house,3.2,5.0,4.0,19578145.97,5778.673544864227
2935,Industrial Area,3,apartment,0.6,14.3,3.0,10738547.83,3658.789720613288
1100,Outskirts,2,apartment,1.4,6.5,3.0,3437059.62,3124.5996545454545
2863,Downtown,3,villa,13.6,5.2,2.0,60635308.88,21178.941278379323
2561,Outskirts,2,villa,9.9,1.9,1.0,11636176.82,4543.606723935963
741,Suburbs,3,apartment,,15.0,2.0,3810656.28,5142.586072874494
2541,Outskirts,2,villa,3.1,14.4,1.0,10794895.18,4248.286178669815
3324,Downtown,2,apartment,4.8,5.1,2.0,49511489.05,14895.153143802647
3112,Suburbs,2,villa,2.2,15.1,2.0,25683099.01,8252.923846401029
1863,Outskirts,5,villa,14.2,18.4,4.0,6382358.36,3425.849898013956
1978,Industrial Area,2,independent house,11.9,2.6,2.0,8223368.96,4157.416056622851
3056,Suburbs,2,independent house,7.2,5.0,2.0,21393169.13,7000.3825687172775
1275,Suburbs,2,apartment,13.0,15.1,2.0,5750133.99,4509.909011764706
4514,Industrial Area,3,apartment,4.1,5.9,2.0,18316198.61,4057.642580859548
534,Business District,3,independent house,10.9,12.7,4.0,5653036.52,10586.210711610485
3652,Downtown,3,apartment,,2.1,4.0,54700033.52,14978.103373493977
2455,Business District,2,independent house,5.7,9.3,3.0,31226160.16,12719.413507128309
2085,Outskirts,3,apartment,11.5,14.9,2.0,5378698.68,2579.711597122302
4443,Industrial Area,2,villa,4.8,13.9,2.0,22285715.84,5015.916236776952
3573,Business District,4,independent house,4.8,16.4,4.0,49526053.31,13861.196000559754
1521,Suburbs,3,independent house,2.1,17.6,2.0,10008662.19,6580.317021696252
3961,Outskirts,2,apartment,6.9,15.6,1.0,9247613.74,2334.6664327190106
3113,Outskirts,1,villa,11.1,13.6,2.0,11672291.49,3749.5314776742694
4343,Business District,1,apartment,14.1,1.1,2.0,43368004.18,9985.725116279069
2000,Business District,2,apartment,9.3,10.9,3.0,18168921.65,9084.460825
661,Industrial Area,2,villa,13.0,1.2,3.0,3415729.57,5167.5182602118
4797,Downtown,3,villa,12.4,16.3,2.0,95475287.05,19903.124254742546
2481,Business District,2,independent house,3.0,6.8,3.0,32228092.52,12989.960709391375
1495,Business District,2,apartment,7.5,11.5,2.0,15594846.57,10431.335498327759
3842,Suburbs,2,apartment,2.2,5.9,1.0,20498195.84,5335.293034877668
4298,Outskirts,2,apartment,10.4,15.8,1.0,9583662.85,2229.795916705444
1775,Downtown,4,apartment,14.3,17.8,4.0,24205150.63,13636.70458028169
1516,Suburbs,2,apartment,,8.3,2.0,8131291.72,5363.6488918205805
837,Industrial Area,3,villa,11.1,17.3,3.0,4540632.87,5424.889928315412
1378,Industrial Area,4,apartment,,5.7,5.0,4484256.42,3254.177373004354
1576,Business District,3,independent house,9.0,10.9,2.0,16435177.4,10428.412055837563
4493,Business District,4,independent house,6.2,17.2,5.0,60005524.0,13355.335855775651
879,Industrial Area,2,villa,5.6,6.9,2.0,4865216.31,5534.944607508532
992,Business District,5,independent house,1.2,19.1,6.0,11492186.06,11584.86497983871
2562,Downtown,2,villa,3.7,2.9,2.0,50115098.13,19560.928231850117
4384,Business District,2,apartment,0.7,0.9,3.0,56435547.41,12873.071945711677
564,Outskirts,3,apartment,8.9,18.1,4.0,1353221.39,2399.3287056737586
3068,Business District,4,apartment,2.0,1.8,4.0,37229001.53,12134.615883311604
2527,Suburbs,4,apartment,13.2,19.8,5.0,11468604.81,4538.426913335972
3195,Downtown,1,independent house,8.1,19.1,1.0,45422444.65,14216.72758998435
1995,Suburbs,2,apartment,10.6,3.2,3.0,11919505.16,5974.689303258146
891,Suburbs,4,independent house,6.5,11.0,5.0,4951110.74,5556.802177328845
4974,Outskirts,2,villa,8.6,4.1,1.0,19578206.98,3936.109163650985
4061,Downtown,3,apartment,14.2,8.8,3.0,54573529.86,13438.446161044078
2778,Downtown,4,independent house,1.7,1.7,3.0,44524906.07,16027.683970482361
3599,Downtown,2,apartment,4.2,4.9,3.0,47824166.56,13288.181872742429
700,Downtown,2,apartment,11.8,7.6,2.0,8950730.95,12786.758499999998
3604,Downtown,2,villa,1.9,9.1,3.0,71762804.1,19911.9878190899
2954,Outskirts,2,apartment,1.6,19.6,3.0,7738830.13,2619.7800033852404
4145,Business District,4,villa,5.7,16.3,3.0,60301944.13,14548.116798552473
1304,Suburbs,2,apartment,1.8,14.9,1.0,7080145.86,5429.559708588958
3231,Downtown,4,apartment,9.0,11.0,4.0,40721386.64,12603.33848344166
3273,Business District,2,independent house,3.8,16.9,2.0,42495406.99,12983.625722578674
2070,Business District,5,apartment,13.5,7.1,5.0,17938219.62,8665.806579710146
3190,Suburbs,2,apartment,11.9,14.3,3.0,15913918.59,4988.689213166144
4340,Outskirts,1,apartment,,19.9,1.0,12571792.76,2896.7264423963134
1528,Industrial Area,1,independent house,9.4,6.6,1.0,6236649.58,4081.57695026178
1002,Industrial Area,3,apartment,13.0,13.6,2.0,3413469.71,3406.6563972055887
4993,Business District,3,apartment,3.7,17.0,3.0,52587553.88,10532.255934308032
1370,Suburbs,4,apartment,13.2,18.4,3.0,7275832.29,5310.8264890510945
4988,Industrial Area,2,apartment,,14.5,1.0,19144815.69,3838.174757417803
706,Business District,1,independent house,11.3,6.0,1.0,7730768.6,10950.097167138809
1984,Outskirts,3,villa,8.6,6.9,3.0,7401258.6,3730.473084677419
1363,Industrial Area,2,apartment,4.1,0.9,1.0,5012181.16,3677.3155979457083
3290,Business District,2,villa,6.6,15.3,2.0,47985067.27,14585.126829787236
1063,Business District,5,apartment,12.0,1.3,4.0,10043461.92,9448.223819379116
4691,Downtown,5,independent house,1.0,17.4,4.0,82220269.61,17527.23717970582
2257,Outskirts,4,independent house,11.8,2.8,3.0,6098421.26,2702.0032166592823
2178,Downtown,3,apartment,4.0,3.9,3.0,30343863.71,13931.985174471993
3742,Suburbs,2,independent house,2.6,9.8,2.0,24747716.29,6613.499810261892
1559,Downtown,2,villa,2.2,14.9,1.0,28095234.18,18021.317626683773
2222,Downtown,3,apartment,0.9,3.2,4.0,35855184.13,16136.446503150317
3814,Industrial Area,4,apartment,8.1,9.1,4.0,13914930.82,3648.3824908232828
3657,Business District,1,apartment,3.7,9.9,2.0,37586861.15,10278.058832376264
3125,Outskirts,2,villa,14.8,4.6,2.0,11689261.26,3740.5636031999998
3229,Downtown,1,independent house,8.8,2.8,1.0,47319318.01,14654.480647259214
2097,Outskirts,3,villa,2.5,16.8,4.0,8826649.4,4209.179494515975
3560,Downtown,4,independent house,10.5,10.3,3.0,45600514.24,12809.133213483146
3193,Suburbs,3,villa,13.5,0.8,3.0,27019436.15,8462.084606952709
4127,Downtown,2,independent house,11.3,16.2,,65534342.32,15879.414179791616
1863,Industrial Area,5,villa,1.6,19.6,4.0,9076431.62,4871.94397208803
2481,Business District,3,apartment,,12.3,2.0,28088065.54,11321.267851672712
2163,Suburbs,1,apartment,12.0,10.3,2.0,8928832.44,4127.985409153953
2029,Downtown,2,independent house,2.8,17.6,3.0,35791018.74,17639.733238048302
2538,Outskirts,2,apartment,1.3,19.1,3.0,5980387.28,2356.3385657998424
3802,Suburbs,1,independent house,8.6,15.2,2.0,23257136.7,6117.0796159915835
2737,Suburbs,5,apartment,2.8,9.2,6.0,13367865.54,4884.130632078918
1806,Downtown,2,apartment,12.6,12.0,3.0,23860129.03,13211.588610188262
4529,Suburbs,4,independent house,5.7,14.2,4.0,27590656.59,6091.997480680062
3175,Outskirts,2,apartment,13.7,4.3,2.0,7269675.36,2289.6615307086613
1782,Suburbs,2,apartment,8.7,9.2,2.0,8965084.02,5030.911346801347
1209,Outskirts,2,apartment,,16.7,2.0,2997752.01,2479.530198511166
4913,Downtown,2,independent house,2.5,13.3,1.0,81127587.51,16512.840934256055
4248,Business District,2,apartment,8.9,8.5,2.0,46930322.08,11047.627608286251
1163,Suburbs,4,independent house,11.5,13.4,4.0,6516782.6,5603.424419604471
2498,Business District,3,apartment,11.8,2.8,3.0,24491374.79,9804.393430744596
3945,Outskirts,3,independent house,4.5,8.3,4.0,10580449.51,2681.9897363751584
4243,Suburbs,2,independent house,3.5,16.0,2.0,27018699.54,6367.829257600754
1995,Industrial Area,1,apartment,0.7,4.8,2.0,7320013.27,3669.1795839598994
3804,Business District,2,apartment,10.3,4.1,1.0,37737069.39,9920.365244479495
4263,Suburbs,3,apartment,1.6,19.0,,20460211.73,4799.486683087028
2353,Business District,1,villa,6.6,4.6,2.0,36821159.07,15648.601389715257
1791,Suburbs,2,apartment,9.2,5.6,1.0,10486197.86,5854.940178671133
4081,Downtown,3,apartment,,19.4,4.0,48875727.73,11976.409637343788
3957,Business District,2,apartment,5.0,14.8,2.0,41568662.91,10505.095504169825
2136,Industrial Area,2,apartment,4.1,14.1,1.0,7948061.72,3721.0026779026216
4196,Industrial Area,2,apartment,10.0,17.1,1.0,14430847.58,3439.1915109628217
3499,Outskirts,4,villa,9.5,2.8,4.0,13099476.83,3743.7773163761076
3652,Suburbs,3,independent house,5.3,14.3,2.0,23012058.14,6301.22073932092
1198,Business District,2,apartment,14.0,10.3,2.0,12781752.27,10669.242295492488
2660,Outskirts,1,apartment,12.8,16.7,1.0,5455984.91,2051.1221466165416
4597,Business District,5,apartment,3.7,10.4,6.0,46688692.68,10156.3394996737
1354,Suburbs,3,independent house,4.0,12.6,2.0,7690463.15,5679.8103028065
3974,Industrial Area,2,independent house,7.9,9.8,1.0,15174384.79,3818.4159008555607
2207,Downtown,4,independent house,11.7,9.8,4.0,31057274.32,14072.167793384686
3277,Industrial Area,2,independent house,1.1,15.5,1.0,15018419.9,4582.978303326213
2233,Outskirts,3,apartment,10.6,12.8,3.0,4706163.05,2107.551746529333
4010,Downtown,3,independent house,9.9,12.8,4.0,58034445.96,14472.430413965087
702,Outskirts,2,villa,3.9,9.3,2.0,2794818.87,3981.223461538462
3755,Suburbs,5,apartment,10.4,10.9,5.0,17992408.99,4791.586948069241
4718,Downtown,3,independent house,14.1,15.0,2.0,72665184.99,15401.6924523103
4996,Outskirts,3,apartment,1.2,16.6,4.0,12845345.35,2571.125970776621
1266,Suburbs,2,villa,5.1,14.1,2.0,10964823.47,8660.99800157978
4889,Industrial Area,1,apartment,6.9,18.5,1.0,16162322.13,3305.8543935365105
2827,Suburbs,2,apartment,13.5,16.5,1.0,13859503.28,4902.548029713477
3431,Business District,3,villa,14.5,11.5,3.0,54231391.82,15806.293156514135
697,Suburbs,2,apartment,6.9,13.6,1.0,3240909.32,4649.798163558106
2430,Suburbs,3,apartment,11.4,18.6,3.0,10177546.94,4188.2909218107
4082,Business District,3,apartment,8.2,12.6,3.0,42566615.38,10427.882258696718
1108,Outskirts,2,independent house,8.3,16.6,2.0,3242241.06,2926.210342960289
3772,Outskirts,3,apartment,4.5,13.9,4.0,10826055.0,2870.1100212089077
1647,Suburbs,1,apartment,3.6,11.3,2.0,9774391.63,5934.66401335762
4782,Business District,5,independent house,4.7,5.2,4.0,60165695.65,12581.701306984525
3897,Business District,2,independent house,8.6,8.8,3.0,45176593.49,11592.659350782655
3011,Industrial Area,2,apartment,,19.4,1.0,9954732.9,3306.1218532049156
2294,Outskirts,2,villa,13.7,13.3,3.0,7823729.3,3410.518439407149
1159,Downtown,2,independent house,2.8,11.5,3.0,19728971.11,17022.40820534944
3311,Outskirts,3,independent house,3.7,18.7,4.0,11085871.69,3348.1944095439444
1869,Outskirts,3,apartment,8.0,11.9,4.0,4568284.4,2444.2399143927237
2486,Industrial Area,3,apartment,10.8,10.8,2.0,6868506.67,2762.8747666934833
646,Downtown,2,apartment,1.9,15.3,2.0,8049158.61,12459.997848297215
3719,Industrial Area,2,apartment,5.1,14.4,1.0,11842777.44,3184.3983436407634
3411,Downtown,1,apartment,14.5,4.3,2.0,47940608.87,14054.707965406038
2234,Suburbs,3,apartment,4.3,9.7,2.0,10101180.65,4521.566987466428
2343,Downtown,4,villa,5.0,9.7,5.0,49091713.16,20952.502415706356
988,Industrial Area,2,apartment,12.6,7.9,3.0,3409271.58,3450.6797368421053
3476,Outskirts,2,apartment,1.2,10.6,2.0,9905790.84,2849.7672151898732
2459,Downtown,3,independent house,7.2,8.6,3.0,36510708.04,14847.78692151281
2885,Downtown,4,apartment,6.0,4.4,3.0,40865027.97,14164.654409012132
3419,Business District,3,apartment,,8.5,3.0,36650025.66,10719.51613337233
2302,Outskirts,4,independent house,4.6,1.9,3.0,8373792.5,3637.616203301477
4561,Suburbs,2,apartment,1.8,11.7,2.0,23751370.05,5207.491789081342
3869,Industrial Area,2,villa,5.1,17.1,2.0,19548014.63,5052.4721194107005
762,Suburbs,4,villa,1.1,14.6,,6359367.02,8345.626010498687
1123,Outskirts,3,apartment,11.8,7.5,4.0,2452629.24,2183.997542297418
1516,Downtown,2,independent house,6.3,2.2,3.0,24490955.47,16154.983819261213
4143,Downtown,3,apartment,6.9,4.4,2.0,62927164.42,15188.791798213855
2549,Outskirts,4,apartment,13.5,11.1,4.0,5268879.02,2067.037669674382
4223,Downtown,3,apartment,10.0,4.5,2.0,51170421.12,12117.078171915698
3608,Downtown,3,apartment,0.6,11.1,3.0,45685087.0,12662.163802660754
4590,Downtown,2,independent house,14.2,5.0,3.0,73038835.41,15912.600307189541
2556,Industrial Area,3,apartment,3.9,17.1,4.0,7761838.25,3036.712930359937
3670,Industrial Area,3,apartment,2.1,8.2,3.0,13675758.8,3726.364795640327
2182,Business District,4,apartment,11.6,5.3,4.0,19483507.2,8929.196700274977
2755,Suburbs,4,apartment,7.8,16.3,5.0,11936570.36,4332.693415607985
1654,Outskirts,4,apartment,6.8,7.2,5.0,4559439.42,2756.6139177750906
4999,Outskirts,1,apartment,4.1,2.7,1.0,13239774.43,2648.4845829165833
3691,Outskirts,3,villa,8.4,11.6,4.0,15494556.38,4197.929119479816
2196,Business District,3,apartment,4.5,11.8,3.0,19403795.26,8835.972340619308
4491,Industrial Area,3,apartment,13.6,14.4,2.0,14134535.07,3147.302398129593
2148,Business District,3,apartment,3.6,5.2,3.0,20779425.31,9673.847909683425
1945,Outskirts,4,apartment,13.3,9.2,3.0,4504469.82,2315.922786632391
4699,Suburbs,2,independent house,8.6,6.0,2.0,33211785.15,7067.841061928069
4423,Downtown,3,apartment,12.5,2.1,4.0,65120123.37,14723.066554374858
753,Industrial Area,2,apartment,10.8,17.6,2.0,2083092.75,2766.391434262948
3683,Industrial Area,2,apartment,10.6,14.7,1.0,12009252.42,3260.725609557426
3057,Business District,3,villa,5.2,6.4,3.0,50800139.4,16617.644553483806
598,Industrial Area,3,villa,3.9,12.2,2.0,2820070.38,4715.8367558528425
2700,Outskirts,2,apartment,3.6,4.4,2.0,6658598.02,2466.1474148148145
3461,Outskirts,2,villa,12.9,17.9,3.0,13971128.16,4036.7316266974863
4933,Business District,3,villa,12.4,2.7,4.0,88419558.01,17924.09446786945
4277,Outskirts,1,independent house,6.9,0.6,2.0,16344131.93,3821.4009656301146
3369,Suburbs,2,independent house,,10.3,2.0,22410596.82,6652.002617987533
3734,Business District,1,apartment,6.0,11.9,2.0,39484922.58,10574.430257096947
4291,Suburbs,2,apartment,9.5,11.8,1.0,19766333.31,4606.46313446749
1456,Downtown,2,apartment,7.1,1.6,2.0,17974232.59,12344.939965659341
4567,Suburbs,2,apartment,11.8,6.6,2.0,19966767.24,4371.965675498139
660,Downtown,2,independent house,15.0,10.2,1.0,10055129.74,15235.04506060606
4993,Downtown,4,apartment,3.3,4.7,5.0,74788923.41,14978.754938914479
1800,Suburbs,3,apartment,7.2,17.5,3.0,9818183.74,5454.546522222222
4487,Business District,3,villa,6.7,2.2,3.0,82711004.83,18433.475558279475
2027,Outskirts,2,apartment,4.9,10.0,3.0,5764763.78,2843.988051307351
1718,Outskirts,2,apartment,3.4,14.0,3.0,5132522.16,2987.4983469150175
4996,Downtown,3,apartment,1.5,5.6,2.0,64273837.75,12865.059597678142
3604,Downtown,1,apartment,13.4,12.7,2.0,46664258.32,12947.907413984462
3235,Business District,2,villa,6.6,16.7,2.0,49823461.26,15401.379060278206
1454,Industrial Area,3,apartment,7.7,4.2,3.0,4756889.47,3271.588356258597
3946,Suburbs,3,apartment,13.8,18.4,2.0,21679101.7,5493.943664470349
1545,Downtown,1,apartment,11.8,11.3,1.0,20753109.26,13432.43317799353
2193,Outskirts,2,apartment,2.4,6.3,1.0,5337216.66,2433.7513269493843
3936,Business District,3,villa,8.7,8.9,4.0,50080066.61,12723.594159044715
1062,Suburbs,2,apartment,6.9,6.6,1.0,5823191.32,5483.230998116761
2985,Business District,3,apartment,12.1,14.6,4.0,29551190.19,9899.896211055277
3854,Suburbs,3,independent house,11.0,16.0,,25101446.54,6513.0893980280225
725,Suburbs,5,villa,10.5,16.7,6.0,4803452.28,6625.451420689656
1459,Downtown,2,apartment,5.4,19.7,3.0,16206229.01,11107.76491432488
3567,Business District,4,apartment,12.2,15.9,5.0,31769628.76,8906.540162601626
1315,Business District,3,villa,1.3,12.2,4.0,17965213.89,13661.759612167301
3620,Outskirts,2,villa,2.8,7.1,3.0,12633739.0,3489.9831491712707
516,Outskirts,2,apartment,5.4,11.1,,1472598.33,2853.87273255814
1743,Downtown,3,independent house,1.6,1.3,4.0,29111697.11,16702.063746414227
2705,Downtown,2,apartment,3.9,15.0,2.0,34000306.73,12569.429475046209
3024,Industrial Area,2,apartment,12.5,9.2,3.0,8361399.78,2765.013154761905
1569,Outskirts,1,apartment,14.2,0.9,2.0,3905211.84,2488.981414913958
3944,Suburbs,4,apartment,4.9,1.7,4.0,24122708.2,6116.30532454361
3065,Business District,3,independent house,,8.1,3.0,39683052.46,12947.162303425775
1560,Downtown,3,apartment,4.6,11.9,2.0,21505035.01,13785.278852564104
2827,Business District,2,apartment,4.5,9.6,3.0,28679247.18,10144.763770781747
3920,Business District,2,independent house,1.0,12.6,1.0,47371031.89,12084.446910714285
801,Industrial Area,3,apartment,13.9,9.9,2.0,2553169.13,3187.4770661672906
4776,Outskirts,2,apartment,3.6,13.4,3.0,11722310.22,2454.4200628140707
1106,Downtown,2,apartment,6.6,4.8,1.0,16193474.41,14641.477766726945
3670,Business District,3,apartment,0.6,2.7,4.0,40001758.58,10899.661738419618
1199,Downtown,5,apartment,12.9,12.1,4.0,15077603.78,12575.149107589657
1639,Suburbs,3,villa,11.1,10.0,4.0,10515629.94,6415.881598535692
690,Industrial Area,3,apartment,14.2,1.0,4.0,2594105.66,3759.573420289855
2800,Suburbs,5,apartment,11.8,7.9,6.0,15502968.08,5536.774314285714
1480,Downtown,2,villa,5.0,2.6,2.0,31771505.04,21467.233135135135
3475,Downtown,3,villa,4.1,10.9,2.0,68369083.69,19674.556457553957
1684,Outskirts,5,apartment,10.6,8.2,5.0,4704212.35,2793.4752672209024
3827,Business District,2,apartment,5.8,12.5,1.0,40145859.31,10490.164439508755
3894,Business District,3,apartment,8.7,16.2,2.0,35249470.1,9052.252208525937
627,Suburbs,3,apartment,0.6,6.3,2.0,3284281.73,5238.088883572568
2565,Industrial Area,3,apartment,,19.3,3.0,9258143.77,3609.41277582846
2316,Business District,3,apartment,8.3,10.9,2.0,24309815.51,10496.466109671848
1069,Outskirts,4,independent house,8.7,12.6,4.0,2944305.9,2754.2618334892422
2395,Suburbs,3,apartment,11.4,13.8,4.0,10962622.31,4577.29532776618
3233,Suburbs,1,villa,2.4,13.5,1.0,29243929.68,9045.446854314878
4363,Outskirts,4,apartment,7.9,10.5,3.0,9462835.39,2168.882738941096
4514,Industrial Area,2,villa,3.3,8.9,3.0,23099496.73,5117.301003544529
3401,Outskirts,2,villa,1.9,1.5,3.0,12843494.99,3776.387824169362
2186,Industrial Area,2,independent house,6.5,0.9,1.0,10652244.07,4872.9387328453795
3509,Outskirts,2,apartment,2.9,7.5,3.0,8278670.31,2359.267685950413
654,Outskirts,2,apartment,3.7,7.0,2.0,1843527.71,2818.8497094801223
3037,Downtown,4,apartment,5.1,8.1,4.0,34280514.86,11287.624254198221
1909,Suburbs,3,villa,4.3,3.2,2.0,16716550.72,8756.70545835516
4557,Outskirts,3,apartment,1.8,14.9,3.0,13298705.53,2918.302727671714
1284,Outskirts,1,apartment,1.8,17.2,2.0,3294338.93,2565.6845249221187
3675,Business District,4,apartment,3.3,18.8,3.0,38488499.95,10473.061210884354
4841,Suburbs,4,apartment,1.2,10.1,5.0,25030992.3,5170.624313158439
3306,Business District,3,apartment,9.6,14.2,2.0,29987187.6,9070.534664246825
1037,Suburbs,1,apartment,,17.2,2.0,5769860.74,5563.99299903568
2341,Business District,1,independent house,4.6,8.7,2.0,27227818.26,11630.849320803076
2955,Outskirts,2,villa,5.3,6.5,1.0,12512825.56,4234.458734348562
1024,Outskirts,2,independent house,10.1,18.8,1.0,2689181.98,2626.15427734375
3450,Downtown,2,apartment,13.1,10.6,2.0,38293184.15,11099.473666666667
4631,Business District,4,independent house,11.5,10.2,4.0,50731724.08,10954.809777585835
4615,Industrial Area,2,independent house,11.0,4.0,1.0,19560267.95,4238.411256771397
2868,Downtown,1,villa,7.5,2.6,2.0,57219247.85,19950.923239191074
4347,Business District,2,villa,10.6,16.9,2.0,67200384.19,15459.025578559926
4995,Business District,1,apartment,8.5,12.5,2.0,44653334.26,8939.606458458458
3201,Downtown,1,independent house,3.6,6.9,2.0,43997998.41,13745.07916588566
1471,Outskirts,2,apartment,3.5,4.2,,4411141.09,2998.7362950373895
1666,Business District,2,apartment,4.8,11.3,2.0,18676797.69,11210.562839135655
3274,Outskirts,3,apartment,13.7,11.9,,6819171.4,2082.8257177764203
2482,Downtown,5,independent house,8.4,4.5,4.0,40207512.54,16199.642441579372
1353,Outskirts,2,independent house,11.1,17.1,2.0,3754264.7,2774.7706577974873
4646,Suburbs,2,independent house,5.5,2.1,1.0,33634107.0,7239.36870426173
4236,Industrial Area,4,villa,6.4,7.4,5.0,24369460.71,5752.941621813032
4269,Business District,2,apartment,2.3,13.8,2.0,49657815.24,11632.189093464513
1074,Industrial Area,2,apartment,3.0,5.8,1.0,4243773.88,3951.372327746741
3761,Outskirts,4,apartment,12.5,16.6,4.0,8401011.91,2233.7176043605423
1648,Business District,1,apartment,9.0,14.9,2.0,17517366.89,10629.470200242718
2215,Outskirts,3,apartment,5.4,15.9,3.0,5678131.48,2563.490510158014
4354,Suburbs,3,apartment,12.1,2.8,3.0,19723649.53,4530.006782269178
2991,Downtown,2,apartment,4.1,3.2,2.0,41052582.9,13725.3704112337
3160,Business District,2,independent house,14.7,6.1,2.0,43242048.39,13684.192528481013
3624,Suburbs,3,apartment,5.5,10.6,3.0,20511601.07,5659.9340700883
3551,Suburbs,1,independent house,5.4,15.1,1.0,19048961.87,5364.393655308364
504,Business District,2,villa,5.0,16.8,3.0,8275952.91,16420.541488095238
1376,Outskirts,3,apartment,2.3,14.2,3.0,3952370.54,2872.362311046512
1491,Suburbs,3,apartment,2.1,18.6,3.0,7324224.97,4912.29038900067
4642,Industrial Area,2,apartment,9.9,14.9,3.0,14746288.55,3176.710157259802
4864,Suburbs,4,apartment,13.2,6.5,5.0,25911086.76,5327.114876644737
4965,Outskirts,2,villa,12.0,5.7,3.0,18490286.42,3724.126167170192
1135,Outskirts,4,apartment,2.5,14.1,4.0,2633288.05,2320.0775770925106
2193,Industrial Area,3,apartment,8.4,4.3,2.0,8130947.61,3707.6824487004105
2182,Suburbs,3,apartment,2.0,2.3,2.0,14076275.78,6451.088808432631
619,Outskirts,2,independent house,1.2,10.9,1.0,2069341.11,3343.0389499192247
1330,Business District,5,villa,10.0,16.5,4.0,20725149.58,15582.819233082706
4175,Downtown,2,villa,8.3,2.5,2.0,80231813.45,19217.200826347307
1869,Downtown,3,apartment,1.7,15.9,2.0,22402185.8,11986.188228999465
1240,Downtown,2,villa,1.0,16.3,3.0,25894563.84,20882.712774193547
616,Suburbs,2,villa,14.9,9.9,3.0,4211296.8,6836.520779220779
3338,Industrial Area,2,villa,0.9,1.6,1.0,21636679.09,6481.929026363092
1650,Outskirts,4,independent house,6.9,3.9,5.0,4698630.68,2847.654957575757
2431,Business District,5,apartment,7.8,14.3,5.0,23500734.15,9667.105779514603
1512,Business District,2,independent house,2.2,14.4,1.0,18524255.78,12251.491917989419
2164,Suburbs,1,independent house,3.0,18.0,1.0,15336680.89,7087.190799445471
1581,Downtown,3,apartment,5.6,11.9,3.0,17932660.04,11342.60597090449
1012,Suburbs,2,apartment,11.5,2.9,3.0,4511028.31,4457.537855731225
3349,Industrial Area,1,independent house,7.9,2.9,2.0,13212393.4,3945.1756942370857
1059,Industrial Area,3,apartment,9.7,14.6,3.0,3728335.29,3520.6187818696885
4172,Outskirts,3,apartment,14.8,4.1,4.0,9813698.38,2352.2766970278044
3843,Outskirts,5,independent house,11.6,6.9,5.0,10603003.19,2759.0432448607858
4570,Industrial Area,2,apartment,6.8,10.0,3.0,13520303.72,2958.490967177243
1970,Industrial Area,2,apartment,7.0,1.0,3.0,7718147.89,3917.8415685279188
1080,Industrial Area,3,apartment,9.5,5.4,3.0,3201163.94,2964.0406851851853
2794,Suburbs,3,apartment,10.1,8.5,4.0,12970816.93,4642.3825805297065
3647,Industrial Area,3,apartment,7.8,6.0,3.0,11754341.84,3223.0166822045517
4749,Business District,3,apartment,9.9,3.2,4.0,50342067.51,10600.561699305117
2179,Downtown,2,villa,0.8,14.7,1.0,46755535.87,21457.336333180356
4006,Industrial Area,4,apartment,6.7,16.4,5.0,13479642.32,3364.8632850723916
3244,Downtown,2,villa,4.5,5.5,3.0,74185358.55,22868.482906905054
3856,Suburbs,2,villa,2.4,15.6,2.0,34517956.21,8951.752129149378
4545,Downtown,3,apartment,1.9,8.0,4.0,58872799.29,12953.311174917491
1743,Suburbs,2,villa,9.2,10.4,1.0,13730983.63,7877.787510040161
3618,Business District,1,apartment,8.1,17.2,2.0,38105072.67,10532.081998341626
2641,Suburbs,4,apartment,4.2,15.1,3.0,15198676.42,5754.894517228323
3559,Suburbs,2,apartment,7.3,16.2,3.0,17383967.19,4884.508904186569
3459,Outskirts,3,independent house,,3.2,4.0,11535807.67,3335.0123359352415
2765,Industrial Area,2,apartment,3.3,1.9,,10219951.14,3696.184860759494
2979,Industrial Area,3,apartment,10.0,17.9,3.0,10534821.93,3536.3618429003022
2135,Business District,2,villa,11.8,8.1,,28921951.42,13546.581461358315
2257,Business District,2,apartment,12.0,6.1,1.0,20949061.65,9281.817301727957
4952,Industrial Area,5,apartment,9.2,14.6,6.0,15393182.6,3108.4779079159935
2570,Outskirts,3,apartment,7.9,16.8,4.0,5817838.32,2263.7503190661478
3349,Industrial Area,2,villa,1.4,17.3,1.0,18129120.61,5413.29370259779
3751,Outskirts,2,villa,4.7,6.7,,13315350.88,3549.8136177019464
4230,Business District,4,apartment,1.9,17.1,3.0,42307202.05,10001.702612293144
2989,Downtown,3,apartment,14.5,1.3,2.0,44701285.63,14955.264513215123
2131,Business District,3,apartment,2.5,1.5,3.0,23880589.63,11206.283261379633
3316,Business District,3,villa,2.7,12.7,2.0,55988084.75,16884.223386610374
1515,Suburbs,1,apartment,13.4,1.7,1.0,7095709.76,4683.636805280528
1848,Suburbs,2,apartment,14.2,6.8,3.0,8526584.42,4613.952608225109
3587,Suburbs,3,apartment,11.6,13.6,3.0,18805126.19,5242.577694452189
3339,Suburbs,2,apartment,0.6,7.1,3.0,19950312.85,5974.936463012878
835,Outskirts,2,apartment,0.5,4.0,3.0,2310571.1,2767.151017964072
1395,Industrial Area,4,apartment,6.0,6.0,4.0,5579781.16,3999.843125448029
4046,Downtown,3,apartment,2.6,9.4,3.0,59986588.1,14826.146342066239
1351,Business District,3,villa,0.8,9.8,2.0,24755457.98,18323.80309400444
2187,Outskirts,3,apartment,7.2,15.8,4.0,5315026.79,2430.2820256058526
2431,Downtown,3,independent house,14.2,15.1,3.0,31829291.78,13093.085882352942
4246,Outskirts,1,apartment,5.2,9.4,1.0,11291599.38,2659.349830428639
2927,Outskirts,2,villa,10.1,17.0,3.0,11121297.52,3799.5550119576355
2068,Business District,2,villa,10.0,2.7,2.0,28844996.84,13948.257659574469
4500,Industrial Area,2,apartment,4.1,5.5,1.0,17670495.58,3926.776795555555
3238,Suburbs,3,apartment,9.9,16.6,4.0,13311868.81,4111.139224830143
3998,Industrial Area,2,villa,3.6,7.9,2.0,21119380.31,5282.4863206603295
4413,Business District,2,apartment,2.3,19.6,1.0,44088008.25,9990.484534330388
1566,Business District,2,independent house,10.7,9.6,3.0,19437567.55,12412.239814814815
4880,Business District,1,apartment,2.1,15.9,2.0,48582840.22,9955.500045081966
2944,Downtown,2,independent house,15.0,8.3,3.0,47539145.63,16147.80761888587
4607,Industrial Area,2,apartment,3.2,8.8,2.0,16678587.96,3620.2708834382465
3873,Industrial Area,2,villa,9.1,8.0,2.0,20962797.14,5412.547673638007
4469,Outskirts,1,villa,6.5,14.5,1.0,19257409.17,4309.109234728127
3046,Outskirts,2,villa,2.3,11.2,3.0,12667139.84,4158.614523965857
1253,Outskirts,3,apartment,0.9,18.9,3.0,3836537.72,3061.8816600159616
2582,Business District,2,villa,9.5,5.4,1.0,33960566.93,13152.814457784663
3274,Industrial Area,2,apartment,12.2,2.5,3.0,10902573.84,3330.0469883934024
3396,Business District,3,villa,12.7,8.2,3.0,44120184.86,12991.809440518256
4685,Downtown,2,apartment,7.5,12.5,2.0,53842629.82,11492.557058697972
1275,Outskirts,4,independent house,11.8,17.3,3.0,4045318.91,3172.7991450980394
2125,Business District,3,apartment,,7.3,2.0,19225833.4,9047.451011764706
3569,Business District,2,independent house,11.0,13.2,1.0,41363825.69,11589.752224712804
917,Downtown,3,independent house,7.6,7.3,4.0,14329485.15,15626.483260632498
614,Suburbs,2,independent house,9.7,12.5,2.0,3615026.58,5887.665439739414
1116,Industrial Area,3,apartment,12.2,17.8,3.0,3544734.27,3176.285188172043
4474,Suburbs,2,apartment,6.3,5.0,2.0,25886459.73,5785.976694233348
3767,Outskirts,4,independent house,12.2,8.4,3.0,9849382.23,2614.648853198832
1325,Business District,2,apartment,9.1,19.9,2.0,12132129.96,9156.324498113208
2016,Downtown,3,apartment,2.9,17.4,4.0,27253473.95,13518.588268849206
3646,Downtown,3,villa,0.9,11.5,2.0,77280358.06,21195.929253976963
912,Industrial Area,1,villa,5.8,10.6,1.0,4474935.36,4906.727368421053
1228,Suburbs,2,apartment,8.4,6.0,,7017248.87,5714.372043973942
3848,Industrial Area,3,villa,12.7,10.6,2.0,18002138.77,4678.310491164241
3308,Business District,4,independent house,2.3,17.0,5.0,40557581.08,12260.453772672308
1175,Industrial Area,2,apartment,12.1,13.9,2.0,3236841.79,2754.758970212766
3965,Downtown,3,independent house,13.0,6.2,4.0,60725659.23,15315.424774274905
3004,Downtown,5,apartment,2.7,4.4,5.0,44481400.3,14807.390246338215
3467,Outskirts,4,apartment,12.8,5.7,5.0,7753856.17,2236.474234208249
3286,Outskirts,2,apartment,14.9,3.8,1.0,8001589.88,2435.054741326841
1622,Business District,3,apartment,11.0,2.4,2.0,18489132.47,11398.9719297164
4579,Suburbs,2,independent house,11.9,8.7,3.0,25725480.47,5618.143802140205
2071,Industrial Area,5,apartment,14.9,2.7,6.0,6671317.97,3221.3027378078223
2643,Business District,2,apartment,9.3,3.9,2.0,28951666.83,10954.092633371169
2187,Outskirts,2,apartment,5.0,11.2,3.0,5069510.76,2318.020466392318
4632,Industrial Area,3,apartment,12.6,3.7,4.0,17887571.17,3861.7381627806567
4351,Outskirts,2,apartment,9.4,1.7,2.0,10231112.29,2351.439276028499
3940,Industrial Area,5,apartment,8.9,6.7,5.0,14125662.94,3585.1936395939083
4266,Suburbs,5,apartment,4.2,4.8,5.0,23289206.46,5459.260773558369
2826,Business District,3,independent house,11.5,10.5,4.0,36168494.78,12798.476567586695
3414,Industrial Area,2,apartment,1.7,2.5,2.0,11615363.01,3402.2738752196838
4452,Downtown,3,apartment,13.9,15.2,2.0,56275157.44,12640.421707097932
1095,Downtown,1,apartment,5.2,18.2,1.0,14229481.75,12994.960502283106
1228,Industrial Area,1,villa,2.4,15.0,1.0,6415816.34,5224.606140065146
1865,Industrial Area,4,apartment,6.9,10.9,5.0,6183279.42,3315.4313243967827
4992,Industrial Area,2,apartment,1.1,17.3,1.0,18933682.67,3792.8050220352566
1198,Downtown,2,apartment,10.4,14.1,3.0,16263892.21,13575.869958263775
895,Downtown,5,independent house,13.6,0.7,,12622125.71,14102.933754189946
4671,Industrial Area,2,apartment,12.6,8.2,1.0,13080405.88,2800.343797901948
4860,Outskirts,2,villa,2.3,17.1,2.0,20939014.46,4308.439189300411
3002,Outskirts,4,apartment,2.3,7.2,5.0,7192353.61,2395.8539673550968
2319,Suburbs,2,apartment,12.3,1.2,1.0,14159665.95,6105.936157826649
1217,Business District,3,villa,13.9,15.1,4.0,18152266.26,14915.584437140511
3282,Outskirts,5,apartment,7.2,16.1,5.0,8521468.94,2596.425636806825
4077,Downtown,4,independent house,7.7,3.6,4.0,59213334.78,14523.751479028699
643,Outskirts,3,independent house,5.1,11.0,2.0,1812158.65,2818.2871695178846
3640,Suburbs,2,independent house,13.5,4.2,3.0,23561431.46,6472.920730769231
4991,Suburbs,2,apartment,9.9,14.5,3.0,26935150.08,5396.744155479863
3438,Business District,4,villa,4.7,5.8,5.0,63401511.02,18441.393548574753
4136,Outskirts,4,apartment,4.8,6.7,,9986296.1,2414.48164893617
3722,Downtown,3,independent house,13.4,17.0,2.0,47713794.78,12819.396770553467
1667,Downtown,2,villa,0.7,9.8,2.0,29101835.37,17457.609700059988
3116,Industrial Area,2,independent house,5.2,13.6,1.0,14084740.21,4520.134855584082
1562,Downtown,1,apartment,8.5,8.3,1.0,18293226.15,11711.412387964148
2656,Business District,3,apartment,2.6,6.3,4.0,24695867.13,9298.142744728915
3482,Business District,2,apartment,1.8,12.7,2.0,33800007.94,9707.067185525559
3794,Downtown,4,villa,12.3,3.5,5.0,70306141.1,18530.875355824985
1656,Downtown,3,apartment,13.5,7.8,2.0,23426037.38,14146.15783816425
1232,Industrial Area,2,apartment,12.4,4.6,1.0,4238234.52,3440.125422077922
4830,Downtown,3,villa,13.5,14.1,3.0,79238349.18,16405.45531677019
1453,Industrial Area,2,apartment,8.5,18.9,1.0,4502051.25,3098.4523399862355
3039,Industrial Area,3,apartment,12.3,19.9,2.0,9229732.86,3037.0953800592297
3824,Downtown,3,apartment,,9.3,2.0,42074792.63,11002.822340481172
3801,Suburbs,4,apartment,10.2,5.4,3.0,17182256.13,4520.456756116811
2042,Suburbs,4,apartment,14.8,9.1,5.0,10492296.46,5138.245083251714
1691,Industrial Area,2,apartment,3.8,17.0,1.0,5166322.27,3055.1876227084563
3493,Downtown,1,apartment,6.2,4.5,2.0,43009154.23,12312.955691382764
3181,Suburbs,3,apartment,7.5,19.1,3.0,15040865.09,4728.344888399874
1717,Downtown,2,villa,2.5,7.2,1.0,37582483.97,21888.458922539314
2040,Downtown,2,apartment,1.7,19.7,2.0,27687737.28,13572.420235294117
3736,Downtown,1,apartment,12.5,16.9,1.0,47373974.2,12680.39994646681
2886,Outskirts,3,independent house,14.7,16.3,3.0,8478775.5,2937.8986486486488
4219,Downtown,2,apartment,6.4,6.7,2.0,58023646.18,13752.938179663428
1888,Outskirts,3,apartment,1.8,0.7,2.0,4698748.65,2488.7439883474576
2356,Industrial Area,5,villa,1.5,8.0,4.0,14446834.33,6131.933077249576
1865,Suburbs,1,independent house,13.4,6.4,,9915487.56,5316.615313672923
999,Suburbs,1,villa,7.2,1.2,1.0,8004123.13,8012.135265265265
2180,Suburbs,2,villa,5.1,10.4,1.0,18011816.74,8262.301256880733
1010,Suburbs,4,independent house,7.4,8.4,5.0,6004048.84,5944.602811881188
4812,Suburbs,2,apartment,5.1,12.9,1.0,27798273.36,5776.864788029925
1824,Suburbs,2,independent house,7.6,12.6,1.0,10716207.05,5875.113514254386
1655,Suburbs,1,apartment,13.0,2.9,1.0,9621888.65,5813.83
2327,Industrial Area,3,independent house,9.1,19.6,2.0,9878818.5,4245.302320584444
3641,Downtown,2,apartment,10.6,4.1,1.0,53683823.55,14744.25255424334
3986,Business District,3,apartment,5.8,9.2,4.0,45859871.53,11505.236209232313
2310,Outskirts,4,apartment,,10.0,5.0,6594044.53,2854.5647316017316
3423,Business District,2,villa,10.2,16.4,2.0,52716016.76,15400.530750803387
2714,Business District,4,apartment,2.2,2.4,,29830166.84,10991.218437730287
4686,Downtown,1,independent house,8.8,8.9,2.0,61215760.55,13063.54258429364
1213,Downtown,4,independent house,4.2,12.8,4.0,19793770.7,16318.030255564716
4102,Downtown,3,apartment,12.2,4.7,4.0,60021750.76,14632.313690882496
4634,Suburbs,4,independent house,6.7,12.7,3.0,29682275.27,6405.324831678895
4022,Industrial Area,1,villa,14.9,18.5,1.0,21788663.31,5417.370290900049
4768,Suburbs,2,villa,1.8,20.0,3.0,41303616.49,8662.671243708053
1743,Industrial Area,2,apartment,11.8,1.1,2.0,5571692.51,3196.6107343660356
4209,Industrial Area,2,apartment,10.3,5.1,3.0,13218317.37,3140.4888025659297
1581,Business District,2,apartment,11.6,6.6,1.0,15072016.52,9533.217280202403
955,Business District,2,apartment,5.0,8.3,,8946988.65,9368.574502617801
1394,Industrial Area,2,independent house,7.6,5.2,1.0,5977650.36,4288.127948350072
1884,Industrial Area,2,apartment,12.0,4.5,2.0,7362318.26,3907.8122399150743
2458,Suburbs,4,independent house,3.9,19.1,3.0,16432837.77,6685.450679414158
3572,Suburbs,2,apartment,3.8,18.4,2.0,18049769.21,5053.12687849944
2496,Business District,1,apartment,8.5,1.4,2.0,22975207.59,9204.810733173077
4785,Downtown,2,villa,8.1,7.1,2.0,86183553.18,18011.191887147335
1004,Industrial Area,1,independent house,4.6,8.4,2.0,4226362.13,4209.524033864542
1714,Suburbs,5,apartment,4.8,5.2,4.0,8767600.92,5115.286417736289
2031,Business District,2,apartment,4.5,12.8,,18406476.72,9062.765494830132
3940,Suburbs,3,apartment,11.7,13.0,3.0,18587271.26,4717.5815380710665
1323,Industrial Area,5,apartment,10.0,17.1,6.0,3920211.34,2963.1227059712774
1428,Industrial Area,4,apartment,12.6,14.9,3.0,5130608.48,3592.863081232493
633,Outskirts,3,apartment,14.6,11.1,3.0,1337695.64,2113.2632543443915
2605,Downtown,4,apartment,7.4,13.2,4.0,27910491.84,10714.200322456814
4127,Outskirts,5,villa,1.5,5.8,6.0,14660859.7,3552.4254179791615
2352,Business District,3,apartment,1.2,12.1,,23770189.69,10106.373167517007
4675,Suburbs,3,apartment,4.8,10.0,3.0,25048506.27,5357.969255614973
3433,Business District,3,apartment,14.0,3.1,4.0,38273920.98,11148.82638508593
3784,Industrial Area,3,villa,8.1,5.2,3.0,19408363.73,5129.060182346723
4798,Outskirts,3,independent house,4.4,6.2,2.0,16295797.65,3396.3729991663195
3311,Outskirts,2,apartment,6.3,18.5,3.0,7964521.91,2405.4732437330113
1750,Outskirts,2,villa,9.2,5.0,2.0,7096897.4,4055.369942857143
4012,Business District,2,apartment,10.0,6.1,3.0,34825829.45,8680.416114157528
1756,Industrial Area,1,apartment,2.7,7.7,2.0,6087240.04,3466.5376082004555
3876,Suburbs,2,apartment,14.7,13.4,1.0,20228160.02,5218.823534571723
3986,Suburbs,1,apartment,8.4,2.8,1.0,23167926.81,5812.3248394380325
4084,Business District,3,villa,2.5,19.1,2.0,68494001.37,16771.302979921646
1896,Outskirts,2,independent house,13.5,17.4,2.0,4975980.27,2624.4621677215187
4137,Downtown,4,apartment,1.6,11.8,3.0,50696378.18,12254.381962774958
3830,Business District,1,villa,13.7,13.6,2.0,63360085.65,16543.103302872063
3203,Business District,2,apartment,15.0,0.8,2.0,30205466.96,9430.367455510459
970,Industrial Area,3,apartment,10.7,7.1,2.0,2908373.56,2998.3232577319586
1853,Suburbs,3,apartment,11.7,16.0,3.0,7907191.66,4267.237808958446
3283,Business District,1,apartment,5.4,2.0,1.0,34594515.94,10537.470587876942
3331,Business District,4,apartment,14.2,6.0,4.0,30657097.42,9203.571726208347
857,Outskirts,4,apartment,8.2,11.9,3.0,2101619.28,2452.2978763127185
3519,Outskirts,2,apartment,11.1,5.5,3.0,8856491.63,2516.7637482239275
1167,Downtown,2,apartment,13.9,18.7,3.0,15690805.41,13445.420231362468
4968,Industrial Area,5,villa,14.6,3.1,5.0,22287641.44,4486.240225442834
1645,Downtown,3,apartment,12.6,16.0,3.0,18673326.85,11351.566474164134
4685,Outskirts,3,independent house,,10.4,2.0,14751809.16,3148.7319445037356
4219,Suburbs,4,apartment,14.5,15.1,5.0,20887908.43,4950.914536620052
3245,Outskirts,2,villa,9.6,6.6,1.0,12163937.03,3748.5168043143294
1039,Industrial Area,2,independent house,14.0,10.5,2.0,4367588.92,4203.646698748797
3279,Outskirts,2,villa,10.3,17.2,3.0,10255859.28,3127.7399451052147
4636,Industrial Area,3,apartment,5.0,9.6,2.0,17335449.79,3739.3118615185504
4275,Industrial Area,3,villa,5.9,7.5,2.0,22177942.94,5187.822909941521
3008,Industrial Area,3,apartment,8.5,11.0,2.0,8728668.42,2901.817958776596
3279,Industrial Area,2,apartment,12.0,14.5,1.0,11706927.91,3570.273836535529
1424,Industrial Area,2,apartment,5.1,9.1,1.0,5105959.83,3585.645948033708
3456,Suburbs,2,apartment,8.9,18.8,3.0,15119460.84,4374.843993055555
2081,Downtown,3,apartment,5.5,6.3,2.0,23679815.02,11379.055752042286
3824,Business District,3,independent house,12.3,9.8,4.0,39407750.68,10305.374131799163
4985,Downtown,1,villa,7.3,15.3,1.0,95785964.5,19214.83741223671
755,Industrial Area,4,apartment,1.6,13.9,4.0,2412827.07,3195.797443708609
2338,Suburbs,1,independent house,2.9,17.3,2.0,13455801.66,5755.261616766467
2444,Outskirts,5,apartment,,19.9,4.0,5344372.74,2186.731890343699
509,Suburbs,1,independent house,7.7,8.8,2.0,3264765.58,6414.077760314342
3371,Industrial Area,3,apartment,2.0,2.7,3.0,14046730.22,4166.932726194008
1297,Suburbs,1,apartment,2.2,1.1,1.0,8195346.04,6318.6939398612185
1515,Suburbs,4,villa,14.1,14.7,3.0,9689254.02,6395.547207920792
2324,Industrial Area,2,villa,13.2,17.5,3.0,12504871.42,5380.753623063683
4969,Suburbs,2,villa,7.1,4.8,1.0,41435495.47,8338.799651841417
3636,Business District,2,independent house,14.8,3.6,2.0,50632636.71,13925.367632013202
2693,Business District,2,villa,0.5,1.7,3.0,46656074.34,17324.944054957297
723,Suburbs,2,villa,9.4,16.5,2.0,5145447.24,7116.801161825726
4658,Outskirts,4,independent house,9.4,6.6,4.0,15288168.67,3282.1315306998713
4425,Industrial Area,2,villa,7.1,8.3,1.0,19720782.34,4456.673975141243
4500,Business District,3,apartment,6.3,10.3,4.0,45481039.41,10106.897646666666
2133,Outskirts,3,independent house,7.1,16.9,3.0,7008124.08,3285.5715330520393
2652,Suburbs,3,apartment,6.5,13.2,2.0,14602653.03,5506.279423076923
1010,Outskirts,2,villa,11.1,12.5,1.0,4133549.72,4092.623485148515
884,Downtown,2,independent house,2.5,3.9,1.0,15779531.71,17850.14899321267
904,Business District,3,villa,3.4,10.5,3.0,12856162.39,14221.41857300885
2500,Suburbs,5,villa,3.1,14.4,4.0,16738584.26,6695.433704
3256,Industrial Area,2,villa,4.3,19.5,3.0,16638963.62,5110.246812039311
2168,Suburbs,2,apartment,8.1,4.4,3.0,11428793.22,5271.583588560886
1960,Industrial Area,2,independent house,,0.7,2.0,8180446.84,4173.697367346938
4136,Suburbs,5,apartment,13.1,2.0,6.0,19379313.85,4685.520756769826
3224,Outskirts,2,apartment,4.8,7.8,1.0,8671951.77,2689.811343052109
4678,Outskirts,2,apartment,2.9,16.5,2.0,13192661.81,2820.1500235143226
2548,Outskirts,4,apartment,10.3,0.6,3.0,7844761.49,3078.791793563579
4646,Downtown,1,apartment,1.1,9.4,2.0,67205847.87,14465.313790357297
1216,Industrial Area,1,independent house,9.5,6.9,2.0,5309404.32,4366.286447368421
2323,Outskirts,3,apartment,10.6,1.5,3.0,6383049.01,2747.7610891089107
2581,Downtown,4,apartment,3.6,9.3,3.0,38636470.14,14969.57386284386
3919,Industrial Area,2,apartment,1.1,5.5,3.0,15256130.55,3892.863115590712
2074,Suburbs,2,apartment,5.8,7.4,3.0,11968763.09,5770.859734811957
749,Downtown,2,villa,1.9,14.3,2.0,16832628.91,22473.469839786383
1173,Business District,2,apartment,2.2,10.7,1.0,13952479.29,11894.696751918158
2665,Downtown,3,apartment,4.2,2.9,2.0,35815619.49,13439.256844277674
1270,Downtown,2,apartment,4.8,19.2,2.0,14179029.72,11164.590330708663
4462,Industrial Area,2,apartment,8.2,12.9,3.0,13162503.89,2949.911225907665
4863,Suburbs,2,apartment,10.3,15.4,1.0,20255764.23,4165.28156076496
2484,Business District,3,apartment,9.1,2.0,4.0,23362299.08,9405.112351046699
1577,Outskirts,3,villa,2.7,1.4,4.0,6161707.6,3907.233734939759
735,Outskirts,4,independent house,3.0,0.9,4.0,2421586.1,3294.674965986395
888,Downtown,1,apartment,13.2,4.2,2.0,11577838.64,13038.106576576578
3537,Industrial Area,4,independent house,8.6,8.6,4.0,14950165.97,4226.792753746113
2348,Industrial Area,4,apartment,13.1,18.7,5.0,6862007.09,2922.4902427597954
3314,Outskirts,2,apartment,5.9,9.4,1.0,8856710.83,2672.513829209415
3874,Business District,2,independent house,9.4,6.2,1.0,49968188.24,12898.344925141973
3778,Suburbs,2,apartment,8.1,11.5,2.0,18891590.72,5000.421048173636
1752,Business District,2,independent house,5.1,2.7,3.0,26077514.56,14884.42611872146
4481,Suburbs,2,apartment,7.3,12.4,1.0,19639895.35,4382.926880160679
2622,Outskirts,1,apartment,7.8,11.6,2.0,5839546.54,2227.134454614798
2650,Suburbs,2,apartment,3.4,15.9,1.0,13474727.23,5084.802728301887
1829,Industrial Area,4,villa,5.1,19.7,4.0,8273559.05,4523.542400218698
1858,Downtown,2,villa,12.0,5.4,,36070439.31,19413.584128094728
2982,Downtown,4,villa,13.8,10.4,3.0,52039963.03,17451.362518444
2517,Outskirts,3,apartment,5.7,18.2,3.0,5954146.81,2365.572828764402
1831,Industrial Area,4,apartment,5.0,15.8,3.0,5609066.37,3063.389606772256
4844,Business District,3,apartment,3.3,10.0,2.0,47907439.54,9890.057708505366
4761,Industrial Area,1,apartment,10.3,18.9,1.0,15728634.69,3303.64097668557
1858,Downtown,3,independent house,5.2,1.6,3.0,31878471.14,17157.411808396126
3677,Downtown,1,apartment,14.8,18.7,1.0,39671323.62,10789.046401958118
2628,Industrial Area,2,independent house,5.2,1.5,2.0,10444913.11,3974.4722640791474
2680,Industrial Area,4,independent house,6.2,11.2,5.0,9249300.11,3451.2313843283578
637,Downtown,2,apartment,9.2,17.9,1.0,6591153.32,10347.179466248039
3972,Business District,2,villa,,5.6,3.0,71200375.4,17925.572860020144
3332,Outskirts,3,apartment,7.3,9.7,2.0,7164404.34,2150.18137454982
4079,Outskirts,4,apartment,6.6,6.8,3.0,11332333.82,2778.213733758274
3531,Industrial Area,3,apartment,14.9,19.1,3.0,12560140.2,3557.1056924384025
4664,Outskirts,2,apartment,0.7,16.6,1.0,10988193.21,2355.9590930531735
3093,Downtown,3,apartment,13.5,14.3,3.0,36406729.09,11770.685124474621
4800,Downtown,2,apartment,2.7,12.0,3.0,71573554.89,14911.15726875
4318,Industrial Area,3,apartment,11.9,16.5,4.0,15202698.31,3520.7731148679945
4638,Industrial Area,5,apartment,9.5,8.1,4.0,15239630.13,3285.8193467011642
4323,Industrial Area,3,villa,5.5,9.2,3.0,23867938.74,5521.151686328938
4542,Business District,4,villa,13.2,14.7,3.0,71946149.06,15840.19133861735
2406,Outskirts,1,apartment,0.7,7.5,2.0,6324026.34,2628.4398753117207
1260,Industrial Area,3,apartment,3.8,1.7,3.0,5323123.77,4224.701404761904
3945,Suburbs,4,villa,8.7,1.9,4.0,31460303.93,7974.728499366286
1399,Suburbs,1,apartment,5.6,2.7,1.0,7761510.47,5547.8988348820585
4955,Downtown,4,villa,9.4,17.5,4.0,103329882.34,20853.659402623613
3447,Outskirts,2,apartment,0.8,9.7,3.0,10208395.77,2961.5305395996515
2219,Industrial Area,3,apartment,2.2,14.4,3.0,7469954.79,3366.360878774223
780,Suburbs,4,apartment,2.3,8.2,5.0,3573310.07,4581.166756410256
3766,Outskirts,3,apartment,3.2,5.5,,10705522.47,2842.677235793946
2387,Downtown,1,villa,7.2,7.3,1.0,48729018.51,20414.335362379556
3766,Business District,3,apartment,11.4,16.0,2.0,37789218.04,10034.311747211896
1166,Outskirts,3,villa,13.6,12.7,3.0,4786769.7,4105.291337907376
4688,Outskirts,4,independent house,12.6,18.8,3.0,14971629.46,3193.6069667235497
1171,Business District,2,apartment,3.4,13.8,2.0,11982231.37,10232.477685738684
2469,Outskirts,2,villa,6.9,11.6,2.0,8022007.34,3249.091672742001
4656,Downtown,3,apartment,3.4,12.4,2.0,60047039.97,12896.701024484535
3622,Downtown,2,apartment,4.3,18.9,3.0,49204216.46,13584.819563776919
4400,Business District,3,villa,7.8,15.9,3.0,67206050.11,15274.102297727273
1023,Industrial Area,3,apartment,1.5,1.0,4.0,4035346.64,3944.620371456501
2893,Suburbs,4,apartment,3.7,10.9,3.0,14839826.83,5129.56337020394
3617,Industrial Area,3,apartment,14.1,13.9,4.0,10858275.23,3002.0113989494057
3093,Outskirts,3,apartment,7.3,15.1,3.0,7161158.55,2315.279194956353
2468,Suburbs,2,independent house,7.0,4.7,2.0,15691646.41,6358.041495137763
2253,Business District,2,independent house,0.7,17.4,2.0,26021898.55,11549.88839325344
2796,Business District,2,villa,,19.1,1.0,40734214.08,14568.7460944206
2761,Suburbs,2,villa,13.1,5.1,2.0,19982758.74,7237.507692864903
2786,Downtown,3,apartment,2.9,17.7,2.0,37350556.41,13406.517017229
4702,Suburbs,3,apartment,6.5,2.4,4.0,22360105.38,4755.445635899617
3378,Outskirts,3,apartment,0.7,1.6,3.0,10880124.77,3220.8776702190644
4643,Downtown,4,apartment,7.4,3.0,4.0,63569679.21,13691.50962954986
4144,Business District,5,apartment,0.8,1.6,5.0,51021825.7,12312.216626447876
4932,Suburbs,4,independent house,12.4,17.0,5.0,30139186.98,6110.946265206812
2555,Industrial Area,3,apartment,,1.7,,8938784.11,3498.545639921722
1776,Industrial Area,3,apartment,11.9,5.8,2.0,5928400.65,3338.0634290540543
3266,Outskirts,2,apartment,4.6,2.5,3.0,10348214.02,3168.4672443355785
802,Industrial Area,1,villa,12.6,6.3,1.0,4349902.13,5423.818117206983
1138,Suburbs,2,villa,8.4,2.3,3.0,10434491.09,9169.148585237259
555,Suburbs,4,apartment,5.9,13.5,5.0,3007422.8,5418.77981981982
1025,Industrial Area,4,apartment,9.6,3.1,5.0,3230962.67,3152.158702439024
4623,Suburbs,2,independent house,0.7,17.1,1.0,25840914.85,5589.641974908069
2625,Outskirts,2,apartment,2.6,16.4,3.0,7043107.28,2683.0884876190476
3787,Downtown,4,apartment,11.3,0.8,4.0,48508677.11,12809.262505941379
864,Outskirts,1,villa,4.0,18.0,1.0,3118440.93,3609.3066319444447
2146,Outskirts,2,independent house,9.2,1.1,3.0,7568542.25,3526.8137232059644
1418,Suburbs,4,apartment,6.1,5.2,5.0,7245471.58,5109.641452750353
3297,Downtown,2,villa,12.9,1.1,3.0,62327703.17,18904.368568395512
2031,Suburbs,1,independent house,14.3,7.0,1.0,13411622.7,6603.457754800591
3845,Business District,3,apartment,13.3,10.5,2.0,40746647.45,10597.307529258778
2406,Suburbs,4,independent house,4.4,16.0,3.0,14189692.15,5897.627660016626
3586,Suburbs,3,villa,3.3,7.1,4.0,31802013.75,8868.380856107084
2575,Suburbs,2,villa,7.4,14.3,1.0,21156988.44,8216.306190291263
1213,Downtown,2,villa,0.6,4.2,2.0,25389518.45,20931.17761747733
1562,Suburbs,2,apartment,0.9,15.1,3.0,7264408.4,4650.709603072984
2476,Downtown,3,apartment,8.5,5.1,3.0,27290870.88,11022.161098546041
1796,Industrial Area,3,apartment,8.0,3.3,3.0,6416735.33,3572.7925
625,Business District,1,apartment,14.9,4.1,2.0,6141136.91,9825.819056
4096,Downtown,4,apartment,3.4,4.1,5.0,65307899.94,15944.311508789062
3783,Industrial Area,1,independent house,4.2,10.5,2.0,16853148.63,4454.969238699445
2103,Downtown,2,independent house,2.1,17.0,2.0,35881743.68,17062.1700808369
566,Downtown,1,villa,13.8,2.1,2.0,12722870.14,22478.569151943462
732,Business District,2,independent house,11.8,14.3,2.0,9413502.08,12859.975519125683
2656,Outskirts,3,villa,12.4,13.3,4.0,9040074.42,3403.6424774096386
1669,Outskirts,3,apartment,13.6,17.5,4.0,3604223.52,2159.5107968843618
2658,Downtown,2,apartment,8.1,5.3,2.0,37074427.65,13948.242155756207
4706,Suburbs,3,apartment,7.0,9.3,4.0,22770486.65,4838.607447938801
1993,Industrial Area,1,villa,5.3,18.6,1.0,10046910.36,5041.099026593076
4507,Suburbs,3,apartment,9.0,13.4,3.0,22760890.35,5050.119891280231
2972,Suburbs,4,villa,7.1,8.1,5.0,25457751.62,8565.865282637955
3160,Downtown,2,apartment,7.0,3.1,1.0,41578235.64,13157.669506329114
3239,Downtown,3,villa,14.1,5.6,4.0,66736538.43,20604.056322939177
2261,Downtown,2,independent house,14.8,11.8,1.0,30295654.28,13399.227899159665
4014,Downtown,1,villa,12.0,14.5,2.0,76543157.35,19069.047670652715
2475,Outskirts,2,independent house,11.5,2.9,3.0,6600195.68,2666.7457292929294
2862,Downtown,3,independent house,10.4,12.2,3.0,45806055.75,16004.911163522012
1376,Outskirts,3,independent house,2.9,11.2,3.0,3706720.35,2693.837463662791
4312,Outskirts,2,independent house,1.4,10.5,2.0,14631391.35,3393.1798121521333
3948,Downtown,4,independent house,10.5,14.0,4.0,49112470.07,12439.835377406282
1812,Business District,3,villa,11.1,16.8,,24263008.74,13390.181423841059
1960,Industrial Area,4,apartment,1.2,6.8,5.0,7206746.45,3676.9114540816327
3209,Suburbs,3,apartment,,17.8,2.0,15972817.36,4977.506188843877
2824,Outskirts,3,apartment,1.8,3.6,4.0,7273577.05,2575.629266997167
2233,Industrial Area,2,apartment,,3.9,3.0,7731374.99,3462.3264621585313
2105,Business District,2,apartment,,5.7,3.0,24098104.07,11448.030437054633
3063,Suburbs,5,independent house,3.0,2.8,6.0,21829360.19,7126.790790075091
3921,Suburbs,2,independent house,1.3,5.0,,23054644.72,5879.786972711043
4017,Outskirts,5,independent house,5.3,2.6,6.0,14306947.62,3561.600104555638
2897,Downtown,3,apartment,11.6,16.5,3.0,30102626.1,10390.965170866413
4235,Business District,2,apartment,6.5,3.2,3.0,46481433.52,10975.545105076742
3370,Outskirts,1,apartment,10.0,15.1,1.0,7505816.25,2227.245178041543
1660,Business District,2,apartment,8.9,1.4,1.0,18338300.47,11047.168957831325
742,Downtown,4,apartment,0.8,19.0,3.0,9217103.36,12421.97218328841
3090,Downtown,2,apartment,14.8,14.4,2.0,42474672.45,13745.84868932039
1563,Outskirts,2,independent house,1.1,0.6,3.0,5215418.13,3336.799827255278
4824,Downtown,2,villa,14.5,15.4,3.0,80110177.78,16606.58743366501
3095,Industrial Area,2,apartment,8.5,10.5,3.0,9419134.37,3043.339053311793
1419,Suburbs,2,apartment,14.5,15.7,2.0,7621336.78,5370.920916138126
505,Outskirts,2,apartment,2.2,10.7,1.0,1384528.26,2741.640118811881
967,Business District,4,apartment,7.6,13.0,4.0,10223415.36,10572.301302998965
4670,Industrial Area,2,independent house,,15.8,3.0,21442981.52,4591.644865096359
503,Outskirts,2,apartment,1.2,8.4,1.0,1532691.03,3047.099463220676
1145,Downtown,2,apartment,9.5,0.6,1.0,16547145.46,14451.655423580787
617,Downtown,2,apartment,3.5,17.1,2.0,7279848.24,11798.781588330632
3428,Downtown,5,apartment,9.0,7.9,4.0,47131724.66,13749.044533255541
3051,Downtown,3,villa,2.1,10.2,2.0,54978803.85,18019.929154375615
4789,Business District,1,villa,5.3,0.7,1.0,86934498.53,18152.954380872834
1346,Industrial Area,3,villa,,10.1,4.0,7246827.24,5383.972689450223
3262,Suburbs,2,apartment,6.8,19.7,1.0,17548620.35,5379.711940527284
1641,Business District,1,apartment,9.6,5.9,1.0,16802904.37,10239.429841560024
2310,Business District,5,apartment,9.9,8.2,5.0,23647516.84,10237.020277056277
1223,Suburbs,3,independent house,12.7,13.9,3.0,8002501.27,6543.337097301716
724,Suburbs,5,apartment,5.2,16.4,4.0,3242869.58,4479.101629834254
4708,Downtown,2,apartment,10.5,8.6,3.0,54188174.03,11509.807567969414
2548,Business District,3,villa,14.4,6.5,2.0,39575813.15,15532.108771585557
4915,Outskirts,2,villa,11.1,18.8,1.0,20157292.13,4101.178459816887
2073,Suburbs,2,apartment,7.6,13.7,3.0,9005435.43,4344.1560202604915
2328,Suburbs,4,apartment,9.6,2.8,5.0,10483346.27,4503.155614261168
2417,Industrial Area,2,apartment,11.2,1.8,2.0,7390715.59,3057.805374431113
4734,Outskirts,4,independent house,9.4,9.9,4.0,11906458.31,2515.0947000422475
2526,Outskirts,3,apartment,0.7,4.8,3.0,8037346.5,3181.847387173397
4244,Suburbs,2,independent house,3.3,5.5,2.0,29717593.04,7002.260377002827
1401,Downtown,3,apartment,12.3,17.6,4.0,17705253.67,12637.582919343327
2539,Industrial Area,3,independent house,4.5,2.2,2.0,11447657.94,4508.727034265458
509,Outskirts,2,independent house,11.1,14.4,2.0,1589915.99,3123.6070530451866
760,Suburbs,4,apartment,5.9,5.8,4.0,3610522.06,4750.686921052632
2173,Outskirts,3,independent house,8.1,15.3,4.0,6199177.47,2852.8198205246204
2719,Industrial Area,2,apartment,1.5,14.6,3.0,9596396.49,3529.3845126884885
2560,Industrial Area,3,independent house,3.1,0.6,2.0,10450296.47,4082.1470585937504
4213,Business District,5,villa,14.4,10.4,4.0,59202336.63,14052.299223831
2119,Suburbs,2,apartment,13.4,3.2,3.0,10428239.74,4921.302378480415
820,Industrial Area,4,villa,10.0,17.4,4.0,3387615.4,4131.238292682927
1842,Business District,2,independent house,7.2,17.5,2.0,19569071.04,10623.817068403909
2876,Business District,3,apartment,10.3,8.7,3.0,30280779.83,10528.782972878998
3332,Outskirts,3,apartment,9.5,9.2,2.0,6951712.66,2086.348337334934
3324,Outskirts,2,villa,8.7,6.4,2.0,14353761.35,4318.219419374248
2494,Business District,2,independent house,1.4,14.5,2.0,27871527.43,11175.43200882117
3458,Outskirts,3,apartment,9.7,7.5,4.0,9360779.12,2706.9922267206475
2538,Industrial Area,2,apartment,,5.7,2.0,10149861.7,3999.1574862096136
3990,Downtown,3,apartment,,8.9,4.0,58350477.5,14624.179824561403
4177,Industrial Area,2,apartment,0.7,2.3,2.0,17993443.58,4307.743255925305
1618,Business District,4,apartment,11.1,15.1,3.0,14542817.18,8988.14411619283
2104,Business District,3,independent house,8.8,0.7,3.0,26046336.39,12379.437447718632
4527,Industrial Area,4,apartment,6.8,13.1,4.0,14733860.42,3254.663225093881
735,Outskirts,2,villa,2.3,4.1,3.0,2760818.24,3756.215292517007
2469,Outskirts,3,apartment,6.4,5.0,4.0,5622061.28,2277.060056703119
4929,Business District,3,apartment,5.6,12.9,4.0,55448978.29,11249.539113410428
2408,Suburbs,2,apartment,4.9,19.9,2.0,12494905.8,5188.914368770765
875,Outskirts,2,apartment,,15.7,2.0,2304026.42,2633.1730514285714
4030,Industrial Area,1,villa,10.7,4.9,2.0,23213045.61,5760.060945409429
3135,Outskirts,3,independent house,9.0,3.9,2.0,10317050.66,3290.925250398724
2070,Industrial Area,3,villa,14.1,17.4,3.0,10504896.13,5074.829048309179
3060,Business District,1,independent house,5.6,9.2,2.0,40774586.56,13325.0282875817
3891,Outskirts,3,independent house,4.0,3.2,2.0,11502920.77,2956.2890696479053
3465,Industrial Area,2,apartment,10.0,17.3,3.0,10622843.39,3065.7556681096685
4143,Business District,1,independent house,3.4,16.4,2.0,58921837.32,14222.022041998553
4350,Suburbs,5,villa,5.1,19.7,6.0,37455599.39,8610.482618390804
1372,Industrial Area,4,apartment,3.8,18.2,5.0,5275734.43,3845.2874854227402
1752,Suburbs,3,villa,,17.1,2.0,13210155.57,7540.043133561644
1814,Suburbs,1,apartment,12.5,1.5,2.0,10664521.19,5879.008373759647
3398,Downtown,3,apartment,4.2,2.5,4.0,41112198.49,12098.940108887582
577,Outskirts,2,villa,7.4,11.6,2.0,1918560.65,3325.0617850953204
3121,Industrial Area,2,apartment,1.1,10.9,,10811832.93,3464.2207401473884
4727,Suburbs,2,apartment,10.6,9.4,3.0,22745875.93,4811.905210492913
1100,Downtown,3,independent house,5.3,8.2,2.0,15911876.11,14465.341918181817
1565,Business District,3,villa,11.3,8.9,3.0,21862195.4,13969.45392971246
2636,Industrial Area,2,apartment,6.5,11.6,3.0,7913539.96,3002.1016540212445
2949,Suburbs,3,villa,3.3,0.5,3.0,25449211.59,8629.776734486266
2843,Outskirts,4,apartment,7.9,5.6,4.0,8027941.16,2823.75700316567
2363,Downtown,2,apartment,2.4,10.6,2.0,32552883.35,13776.082670334321
1818,Suburbs,3,independent house,6.9,14.6,3.0,9597590.64,5279.202772277228
4097,Outskirts,4,villa,5.1,3.9,4.0,16714711.17,4079.744000488162
4262,Suburbs,2,apartment,13.7,11.2,1.0,21670611.19,5084.610790708588
2690,Industrial Area,2,independent house,1.4,14.4,1.0,11542632.94,4290.941613382899
1492,Industrial Area,3,independent house,10.6,9.2,4.0,5598524.69,3752.3623927613944
3212,Industrial Area,3,apartment,3.1,1.0,2.0,12771872.76,3976.299115815691
2692,Downtown,4,apartment,5.1,9.3,3.0,39424868.01,14645.196140416047
1748,Industrial Area,2,apartment,,6.3,1.0,5448201.32,3116.819977116705
3554,Outskirts,5,villa,13.7,18.6,5.0,12372246.45,3481.2173466516597
4533,Suburbs,1,villa,4.0,2.9,2.0,36917817.86,8144.235133465696
2497,Business District,1,villa,1.8,13.2,,40557722.03,16242.579907889467
4187,Outskirts,3,independent house,5.1,1.5,4.0,12609324.53,3011.5415643658944
2651,Outskirts,2,villa,2.0,9.2,3.0,9565761.47,3608.3596642776315
4518,Industrial Area,2,apartment,2.4,11.3,3.0,14811684.19,3278.3718880035412
3610,Downtown,2,apartment,8.8,6.3,2.0,52260711.92,14476.651501385042
2470,Suburbs,2,apartment,1.4,9.4,1.0,14147875.3,5727.884736842106
697,Downtown,1,apartment,0.9,3.7,1.0,10457892.09,15004.149340028694
3126,Suburbs,5,villa,10.9,6.4,5.0,25756479.72,8239.436890595009
1702,Suburbs,2,independent house,5.7,12.6,3.0,9176267.37,5391.4614394829605
2535,Downtown,3,apartment,2.3,6.4,4.0,38459293.39,15171.318891518738
977,Outskirts,3,apartment,4.2,18.0,4.0,2586343.54,2647.229825997953
1754,Suburbs,4,villa,9.8,12.8,4.0,12034933.19,6861.421431014823
1422,Downtown,1,apartment,4.5,9.1,1.0,20175400.32,14188.04523206751
919,Suburbs,4,apartment,,1.3,5.0,5635588.61,6132.305342763874
2704,Business District,3,apartment,2.3,10.2,3.0,31408233.95,11615.47113535503
3097,Outskirts,3,apartment,9.0,15.4,2.0,6657659.76,2149.7125476267356
1620,Industrial Area,3,independent house,5.1,5.7,3.0,7912865.91,4884.48512962963
3568,Suburbs,4,apartment,9.6,16.2,4.0,19585362.02,5489.170969730942
1450,Business District,2,apartment,12.2,5.4,2.0,14090968.85,9717.909551724139
2836,Industrial Area,3,apartment,9.4,16.6,3.0,7952520.32,2804.13269393512
2743,Industrial Area,3,independent house,,2.2,2.0,10998003.18,4009.479832300401
3145,Suburbs,3,apartment,4.2,17.4,4.0,18584207.33,5909.127926868044
2357,Downtown,5,apartment,5.2,10.2,5.0,30547798.07,12960.457390750955
2365,Suburbs,2,apartment,2.9,6.3,1.0,12330312.21,5213.66266807611
3412,Business District,5,apartment,3.1,5.7,6.0,34968315.61,10248.627083821806
3353,Industrial Area,1,apartment,12.0,8.9,2.0,10084162.11,3007.504357291977
3728,Suburbs,1,villa,6.1,20.0,1.0,29536404.4,7922.85525751073
4219,Downtown,1,apartment,6.8,4.8,1.0,54591011.3,12939.324792604883
3728,Suburbs,2,apartment,9.1,2.5,2.0,22534125.29,6044.561504828326
2871,Outskirts,3,independent house,9.0,11.9,3.0,8833567.11,3076.825882967607
3391,Downtown,1,apartment,1.5,10.0,2.0,48959487.18,14438.06758478325
4256,Business District,1,apartment,12.6,10.7,1.0,38317175.13,9003.095660244362
4725,Industrial Area,4,apartment,3.1,13.5,5.0,14350654.65,3037.1755873015873
594,Suburbs,4,independent house,11.0,5.7,5.0,3592171.55,6047.426851851851
3174,Downtown,4,apartment,11.7,18.3,5.0,35969334.58,11332.49356647763
2455,Outskirts,4,independent house,10.9,9.0,5.0,6518963.68,2655.3823543788185
1293,Downtown,3,villa,8.9,3.0,4.0,29110924.72,22514.249590100542
2334,Outskirts,2,apartment,0.7,15.0,1.0,6147717.09,2633.983329048843
2616,Business District,2,independent house,5.7,13.0,3.0,28657146.65,10954.566762232414
4606,Industrial Area,3,apartment,9.3,6.7,3.0,14077040.79,3056.239858879722
3825,Business District,2,apartment,6.1,12.6,2.0,35976633.08,9405.655707189542
3419,Suburbs,3,independent house,13.0,4.8,3.0,24115238.56,7053.301713951448
3097,Downtown,1,villa,5.0,9.2,1.0,55626575.36,17961.43860510171
3705,Outskirts,2,villa,4.8,18.0,2.0,13475410.43,3637.087835357625
1314,Outskirts,3,apartment,4.4,3.1,2.0,3820639.84,2907.6406697108064
845,Downtown,3,apartment,5.3,8.0,4.0,10309963.56,12201.140307692309
2849,Downtown,3,villa,8.6,16.5,3.0,47730682.92,16753.48645840646
862,Suburbs,3,apartment,10.8,19.4,2.0,3713873.17,4308.437552204176
2943,Business District,1,apartment,,9.4,2.0,28531687.22,9694.762901800883
2765,Outskirts,2,apartment,12.2,10.4,1.0,5851456.95,2116.259294755877
2688,Suburbs,4,apartment,13.3,11.7,4.0,11039215.71,4106.851082589286
3505,Business District,3,independent house,12.3,18.7,2.0,44067810.18,12572.841706134093
3781,Suburbs,2,apartment,,17.2,2.0,17188347.59,4545.979262099973
1484,Outskirts,4,independent house,11.2,3.8,3.0,4986423.14,3360.123409703504
2139,Downtown,2,apartment,3.5,9.0,3.0,30580370.74,14296.573510986442
1327,Downtown,2,villa,2.4,9.5,,26603693.27,20047.997942727958
3230,Business District,2,apartment,9.8,15.9,3.0,29310679.41,9074.513749226006
4031,Industrial Area,3,apartment,5.1,12.3,4.0,12231502.54,3034.3593500372112
4951,Business District,3,apartment,1.3,13.3,4.0,56442222.2,11400.16606746112
3435,Industrial Area,2,apartment,2.5,20.0,2.0,12388177.51,3606.4563347889375
4376,Suburbs,4,apartment,0.5,2.0,5.0,26793463.89,6122.8208158135285
626,Suburbs,2,independent house,,4.8,3.0,3466243.48,5537.130159744409
3677,Outskirts,2,villa,0.9,8.5,3.0,16913817.82,4599.896062007071
3556,Industrial Area,2,apartment,3.5,7.3,3.0,11036959.95,3103.757016310461
1103,Outskirts,2,apartment,6.5,0.9,1.0,2941696.62,2666.996029011786
3949,Downtown,1,apartment,5.7,2.3,1.0,52905646.38,13397.226229425172
4646,Industrial Area,3,apartment,13.7,13.8,4.0,12643165.86,2721.301304347826
4033,Business District,4,villa,1.1,17.6,4.0,64479712.64,15988.026937763452
3867,Downtown,3,independent house,7.9,10.5,2.0,61480672.73,15898.803395396948
3868,Downtown,2,apartment,10.4,11.0,2.0,50917451.34,13163.767150982421
4297,Business District,1,apartment,14.0,5.5,1.0,48530857.93,11294.12565278101
2292,Downtown,2,apartment,9.5,15.5,2.0,27573932.59,12030.51160122164
3361,Industrial Area,2,villa,12.2,15.2,2.0,16765058.26,4988.11611425171
3976,Outskirts,3,apartment,1.7,12.0,4.0,9203821.0,2314.8443158953723
3917,Downtown,2,villa,6.1,4.6,1.0,78419896.64,20020.3974061782
2145,Industrial Area,3,villa,5.9,2.4,2.0,10579652.41,4932.2388857808855
1705,Suburbs,4,apartment,13.4,1.8,4.0,8670002.43,5085.045413489736
3530,Industrial Area,2,villa,2.7,12.1,3.0,17543289.4,4969.770368271954
3372,Outskirts,4,apartment,2.7,16.6,4.0,8628697.9,2558.9258303677343
3572,Industrial Area,3,villa,5.3,17.2,3.0,18543027.79,5191.217186450168
2354,Business District,3,apartment,1.3,9.5,3.0,28242626.97,11997.717489379778
4521,Outskirts,3,apartment,3.1,15.8,4.0,11413157.94,2524.476429993364
3208,Suburbs,2,independent house,14.5,19.0,3.0,21145194.22,6591.3947069825435
4002,Business District,2,independent house,6.7,5.9,1.0,54281555.3,13563.607021489255
1832,Industrial Area,2,independent house,9.7,8.3,3.0,7235588.09,3949.5568176855895
701,Outskirts,2,apartment,11.0,18.7,2.0,1755093.02,2503.699029957204
4007,Suburbs,3,villa,5.8,7.1,3.0,27662527.19,6903.550583978039
4712,Business District,2,apartment,2.6,18.3,1.0,54527276.0,11572.002546689304
1074,Suburbs,4,independent house,3.5,19.6,5.0,6854135.54,6381.876666666667
1036,Industrial Area,3,apartment,5.0,13.4,3.0,4036037.23,3895.788832046332
2125,Suburbs,2,independent house,9.7,16.4,1.0,12788744.97,6018.232927058823
2622,Downtown,2,independent house,6.3,15.1,1.0,43462580.17,16576.117532418004
885,Business District,4,villa,0.6,14.1,4.0,15522134.14,17539.134621468926
3781,Suburbs,4,apartment,8.1,6.5,4.0,18475640.54,4886.442882835228
974,Industrial Area,3,apartment,13.9,1.6,4.0,3195689.08,3280.9949486652977
917,Industrial Area,2,independent house,12.3,7.2,1.0,3568529.44,3891.526106870229
4100,Suburbs,2,apartment,12.5,13.5,2.0,19486592.9,4752.827536585365
1454,Industrial Area,2,independent house,12.0,2.5,1.0,5630624.78,3872.5067262723524
1705,Outskirts,2,apartment,5.2,0.7,3.0,5383000.32,3157.1849384164225
4620,Outskirts,3,apartment,11.6,3.2,3.0,12184041.36,2637.2383896103893
2490,Outskirts,3,independent house,2.6,14.5,4.0,8959052.94,3598.0132289156622
4072,Downtown,3,villa,10.0,19.5,2.0,80112918.92,19674.096001964637
4880,Suburbs,4,apartment,,19.7,5.0,25303914.77,5185.22843647541
4658,Downtown,3,apartment,0.9,10.1,4.0,70603206.44,15157.407994847574
3213,Industrial Area,2,apartment,11.9,17.5,1.0,10296636.27,3204.679822595705
2703,Downtown,2,villa,13.6,14.9,3.0,54304284.08,20090.375168331484
3620,Industrial Area,4,apartment,4.4,10.3,3.0,11867396.48,3278.286320441989
1466,Industrial Area,1,independent house,12.3,11.7,2.0,5424487.37,3700.1960231923604
3932,Business District,4,independent house,1.7,3.2,3.0,52523870.87,13358.054646490335
1188,Outskirts,4,apartment,9.2,18.8,3.0,2919992.53,2457.9061700336697
4743,Industrial Area,2,villa,7.5,7.4,2.0,24606382.33,5187.936396795277
4201,Business District,3,apartment,8.4,9.2,2.0,41494611.92,9877.317762437515
841,Outskirts,4,apartment,13.9,13.6,,1900929.71,2260.320701545779
2224,Industrial Area,3,independent house,13.1,7.0,3.0,9995984.1,4494.597167266187
4922,Industrial Area,4,apartment,11.9,5.5,3.0,17078485.06,3469.826302316131
2292,Downtown,4,apartment,4.5,12.8,5.0,28581301.05,12470.026636125654
2259,Downtown,2,apartment,13.7,1.0,3.0,31525392.56,13955.46372731297
3712,Outskirts,2,apartment,1.9,14.6,2.0,10599507.77,2855.4708432112066
1489,Industrial Area,4,apartment,12.9,10.5,5.0,5423383.16,3642.2989657488247
2762,Suburbs,3,villa,5.3,12.3,4.0,21051878.32,7621.968979000724
2982,Downtown,2,villa,1.3,12.8,1.0,52587679.76,17635.036807511737
1451,Outskirts,1,villa,10.2,10.8,2.0,5130775.27,3536.0270640937283
1222,Industrial Area,3,apartment,3.9,11.9,3.0,4182016.85,3422.272381342062
3889,Industrial Area,4,apartment,4.0,13.8,3.0,14971475.09,3849.6978889174593
2579,Suburbs,4,apartment,4.9,15.2,5.0,12752783.15,4944.8558162078325
3217,Outskirts,3,apartment,1.4,14.7,3.0,9713669.63,3019.4807677960835
2832,Industrial Area,2,apartment,3.1,17.5,3.0,9800123.41,3460.4955543785313
3876,Downtown,2,apartment,0.6,4.2,2.0,63216302.88,16309.675665634675
2000,Suburbs,4,apartment,,8.3,4.0,8868988.6,4434.494299999999
785,Outskirts,2,apartment,1.7,19.0,2.0,2328261.78,2965.9385732484075
3995,Suburbs,2,independent house,10.4,8.2,2.0,26572095.73,6651.3381051314145
2565,Downtown,2,independent house,3.9,2.9,3.0,48981820.11,19096.22616374269
1268,Outskirts,3,villa,14.2,10.7,4.0,3897987.53,3074.1226577287066
3557,Suburbs,4,independent house,13.1,2.6,5.0,20178945.33,5673.023708181051
4789,Business District,2,villa,4.7,4.5,3.0,81882025.62,17097.93811234078
2661,Downtown,2,apartment,11.9,20.0,1.0,27386218.2,10291.701691093573
3793,Downtown,3,apartment,12.1,11.1,3.0,39557168.12,10428.992385974163
1446,Downtown,5,villa,14.8,6.0,5.0,25042575.89,17318.517213001385
3835,Business District,2,villa,9.2,19.9,2.0,55984393.06,14598.277199478489
4650,Business District,2,villa,1.7,19.3,1.0,74924857.51,16112.8725827957
1981,Industrial Area,2,villa,9.9,9.1,3.0,8282467.33,4180.952715800101
2401,Suburbs,4,apartment,9.6,5.6,4.0,11008221.42,4584.848571428572
3951,Industrial Area,2,villa,9.8,16.8,3.0,19010533.26,4811.57511009871
4564,Suburbs,2,independent house,5.0,14.5,3.0,28718855.81,6292.474980280455
554,Business District,3,apartment,13.0,13.9,2.0,4757417.87,8587.396877256318
2323,Business District,3,villa,14.4,17.9,2.0,32436037.15,13962.99489883771
3962,Industrial Area,1,apartment,3.7,13.9,1.0,15336102.18,3870.7981272084803
3579,Outskirts,4,villa,,6.0,4.0,16479246.0,4604.427493713328
1332,Industrial Area,2,villa,3.3,14.0,2.0,7941846.04,5962.346876876877
4908,Suburbs,3,apartment,12.4,6.5,2.0,27404587.52,5583.656788916055
3306,Industrial Area,2,villa,10.3,15.3,1.0,15367314.6,4648.3105263157895
2990,Downtown,3,apartment,9.7,12.6,2.0,38030366.75,12719.186204013378
827,Suburbs,2,villa,,2.0,1.0,6748785.67,8160.563083434099
3810,Suburbs,4,apartment,8.9,10.5,3.0,19365543.26,5082.81975328084
3800,Outskirts,3,villa,,7.2,2.0,14155457.17,3725.120307894737
4175,Business District,3,apartment,7.4,6.9,2.0,44303660.43,10611.65519281437
3554,Suburbs,3,villa,12.0,12.2,3.0,25771185.42,7251.31835115363
2643,Business District,3,apartment,14.7,6.8,2.0,22623348.66,8559.72329171396
1811,Industrial Area,1,independent house,14.0,15.6,,7560725.33,4174.8897459966865
3691,Downtown,2,independent house,,1.9,2.0,52796489.06,14304.115161202926
3038,Outskirts,4,independent house,6.3,13.4,4.0,8586060.14,2826.2212442396317
4483,Business District,2,villa,7.3,16.3,3.0,56842448.17,12679.555692616552
664,Suburbs,3,villa,10.7,13.6,2.0,4603243.12,6932.595060240964
4777,Business District,5,apartment,13.9,10.2,4.0,39849267.39,8341.902321540716
1322,Suburbs,1,apartment,2.6,19.0,1.0,7792575.87,5894.535453857791
1443,Business District,3,apartment,4.9,6.3,2.0,14987638.07,10386.44356895357
4925,Suburbs,2,villa,2.5,0.9,3.0,42297657.63,8588.356879187817
1274,Industrial Area,3,independent house,9.4,8.9,3.0,4771068.6,3744.9518053375195
2698,Suburbs,1,apartment,,1.1,2.0,15781980.41,5849.510900667161
3656,Suburbs,1,independent house,5.2,19.1,2.0,24226647.27,6626.54465809628
4742,Downtown,3,villa,1.5,4.6,2.0,104639300.77,22066.491094474903
4195,Suburbs,4,villa,5.6,15.9,3.0,34237972.33,8161.614381406436
3952,Downtown,3,apartment,13.0,15.6,2.0,53199868.51,13461.505189777328
1414,Outskirts,3,apartment,3.9,4.7,4.0,4300049.48,3041.0533804809056
1808,Downtown,1,apartment,10.6,12.6,1.0,22828911.66,12626.61043141593
4677,Industrial Area,3,villa,9.6,1.4,3.0,22837089.53,4882.850017104982
1013,Downtown,2,apartment,13.0,9.9,1.0,12673997.48,12511.349930898323
2420,Outskirts,4,apartment,2.4,0.8,3.0,7040505.02,2909.299595041322
4094,Industrial Area,4,independent house,14.7,18.5,3.0,16745428.45,4090.2365534929163
1909,Business District,3,independent house,8.9,19.5,2.0,24520785.6,12844.832687270824
3690,Business District,4,independent house,14.9,4.8,5.0,48568408.97,13162.170452574526
4991,Downtown,1,apartment,13.7,4.6,2.0,70581896.37,14141.834576237228
2055,Downtown,3,apartment,3.7,15.2,3.0,23121370.25,11251.27506082725
1304,Outskirts,2,villa,1.3,5.4,3.0,4705551.83,3608.5520168711655
1779,Outskirts,4,apartment,4.2,18.0,3.0,4247387.65,2387.5141371557056
4077,Suburbs,2,apartment,8.1,11.7,2.0,22442506.73,5504.661940152073
3401,Outskirts,3,apartment,3.0,7.3,3.0,10040738.68,2952.290114672155
1887,Suburbs,4,apartment,2.9,16.7,5.0,10402049.49,5512.479856915739
3261,Industrial Area,1,apartment,7.2,10.1,2.0,11450916.1,3511.473811714198
3179,Downtown,2,apartment,1.0,18.3,1.0,45325594.61,14257.815228059138
2606,Industrial Area,3,apartment,2.3,18.6,3.0,10355709.98,3973.7950805832697
4723,Outskirts,2,apartment,6.5,3.7,1.0,13991778.35,2962.476889688757
3268,Industrial Area,2,villa,1.4,0.5,2.0,19947488.81,6103.882744798041
